{"cameraMode":{"drawMode":0,"name":"Shaded","section":"Shading Mode"},"sceneLighting":false,"audioPlay":false,"sceneViewState":{"showFog":false,"showMaterialUpdate":false,"showSkybox":false,"showFlares":false,"showImageEffects":false,"showParticleSystems":false},"in2DMode":false,"pivot":{"x":0.22900390625,"y":1.2364501953125,"z":-0.02490234375},"rotation":{"x":-0.017353616654872896,"y":0.9135934710502625,"z":-0.039216652512550357,"w":-0.4043790102005005},"size":3.7658796310424806,"orthographic":true}