{"cameraMode":{"drawMode":0,"name":"Shaded","section":"Shading Mode"},"sceneLighting":false,"audioPlay":false,"sceneViewState":{"showFog":false,"showMaterialUpdate":false,"showSkybox":false,"showFlares":false,"showImageEffects":false,"showParticleSystems":false},"in2DMode":false,"pivot":{"x":0.0024122223258018495,"y":0.04982229322195053,"z":-0.0022874027490615846},"rotation":{"x":-0.01592204160988331,"y":0.9840008616447449,"z":-0.11805438250303269,"w":-0.13304387032985688},"size":0.5550984144210815,"orthographic":true}