{"cameraMode":{"drawMode":0,"name":"Shaded","section":"Shading Mode"},"sceneLighting":true,"audioPlay":false,"sceneViewState":{"showFog":false,"showMaterialUpdate":false,"showSkybox":false,"showFlares":false,"showImageEffects":false,"showParticleSystems":false},"in2DMode":false,"pivot":{"x":9.35499095916748,"y":-11.155415534973145,"z":11.314985275268555},"rotation":{"x":0.3499854505062103,"y":0.28492945432662966,"z":-0.11265002936124802,"w":0.8852323889732361},"size":28.202125549316408,"orthographic":false}