{"cameraMode":{"drawMode":0,"name":"Shaded","section":"Shading Mode"},"sceneLighting":false,"audioPlay":false,"sceneViewState":{"showFog":false,"showMaterialUpdate":false,"showSkybox":false,"showFlares":false,"showImageEffects":false,"showParticleSystems":false},"in2DMode":false,"pivot":{"x":-0.0021203234791755678,"y":0.4103670120239258,"z":-0.0001417398452758789},"rotation":{"x":0.1170143261551857,"y":0.6621937155723572,"z":-0.10577590763568878,"w":0.7325450778007507},"size":1.6936577558517457,"orthographic":true}