{"cameraMode":{"drawMode":0,"name":"Shaded","section":"Shading Mode"},"sceneLighting":false,"audioPlay":false,"sceneViewState":{"showFog":false,"showMaterialUpdate":false,"showSkybox":false,"showFlares":false,"showImageEffects":false,"showParticleSystems":false},"in2DMode":false,"pivot":{"x":0.1137194037437439,"y":1.0164622068405152,"z":1.7881393432617188e-7},"rotation":{"x":0.1170143261551857,"y":0.6621937155723572,"z":-0.10577590763568878,"w":0.7325450778007507},"size":4.921191692352295,"orthographic":true}