{"cameraMode":{"drawMode":0,"name":"Shaded","section":"Shading Mode"},"sceneLighting":false,"audioPlay":false,"sceneViewState":{"showFog":false,"showMaterialUpdate":false,"showSkybox":false,"showFlares":false,"showImageEffects":false,"showParticleSystems":false},"in2DMode":false,"pivot":{"x":-0.795494019985199,"y":1.1149420738220215,"z":-1.1023237705230713},"rotation":{"x":0.1170143261551857,"y":0.6621937155723572,"z":-0.10577590763568878,"w":0.7325450778007507},"size":6.721670150756836,"orthographic":true}