{"cameraMode":{"drawMode":0,"name":"Shaded","section":"Shading Mode"},"sceneLighting":true,"audioPlay":false,"sceneViewState":{"showFog":false,"showMaterialUpdate":false,"showSkybox":false,"showFlares":false,"showImageEffects":false,"showParticleSystems":false},"in2DMode":false,"pivot":{"x":4.435029029846191,"y":-0.40744686126708987,"z":-7.047098159790039},"rotation":{"x":-0.0999535471200943,"y":-0.8937907814979553,"z":0.3599066436290741,"w":-0.24822305142879487},"size":7.0284905433654789,"orthographic":false}