{"cameraMode":{"drawMode":0,"name":"Shaded","section":"Shading Mode"},"sceneLighting":false,"audioPlay":false,"sceneViewState":{"showFog":false,"showMaterialUpdate":false,"showSkybox":false,"showFlares":false,"showImageEffects":false,"showParticleSystems":false},"in2DMode":false,"pivot":{"x":0.10051017999649048,"y":0.49640825390815737,"z":-5.960464477539063e-8},"rotation":{"x":0.1170143261551857,"y":0.6621937155723572,"z":-0.10577590763568878,"w":0.7325450778007507},"size":4.4595417976379398,"orthographic":true}