{"cameraMode":{"drawMode":0,"name":"Shaded","section":"Shading Mode"},"sceneLighting":false,"audioPlay":false,"sceneViewState":{"showFog":false,"showMaterialUpdate":false,"showSkybox":false,"showFlares":false,"showImageEffects":false,"showParticleSystems":false},"in2DMode":false,"pivot":{"x":0.36425530910491946,"y":0.20789583027362824,"z":1.273728847503662},"rotation":{"x":0.05414661765098572,"y":0.21691922843456269,"z":-0.012051394209265709,"w":0.9746125340461731},"size":3.155924081802368,"orthographic":false}