{"cameraMode":{"drawMode":0,"name":"Shaded","section":"Shading Mode"},"sceneLighting":true,"audioPlay":false,"sceneViewState":{"showFog":false,"showMaterialUpdate":false,"showSkybox":false,"showFlares":false,"showImageEffects":false,"showParticleSystems":false},"in2DMode":false,"pivot":{"x":41.39500045776367,"y":2.440000057220459,"z":6.390000343322754},"rotation":{"x":-0.41872438788414,"y":0.254755437374115,"z":-0.12363017350435257,"w":-0.8628349304199219},"size":10.441946029663086,"orthographic":false}