{"cameraMode":{"drawMode":0,"name":"Shaded","section":"Shading Mode"},"sceneLighting":false,"audioPlay":false,"sceneViewState":{"showFog":false,"showMaterialUpdate":false,"showSkybox":false,"showFlares":false,"showImageEffects":false,"showParticleSystems":false},"in2DMode":false,"pivot":{"x":0.0171966552734375,"y":0.13299769163131715,"z":-0.013475537300109864},"rotation":{"x":0.1170143261551857,"y":0.6621937155723572,"z":-0.10577590763568878,"w":0.7325450778007507},"size":5.405077934265137,"orthographic":true}