{"cameraMode":{"drawMode":0,"name":"Shaded","section":"Shading Mode"},"sceneLighting":true,"audioPlay":false,"sceneViewState":{"showFog":false,"showMaterialUpdate":false,"showSkybox":false,"showFlares":false,"showImageEffects":false,"showParticleSystems":false},"in2DMode":false,"pivot":{"x":3.8841185569763185,"y":-0.17009353637695313,"z":18.03891944885254},"rotation":{"x":-0.33244824409484866,"y":-0.4229174852371216,"z":0.170297771692276,"w":-0.8256008625030518},"size":8.274798393249512,"orthographic":false}