{"cameraMode":{"drawMode":0,"name":"Shaded","section":"Shading Mode"},"sceneLighting":false,"audioPlay":false,"sceneViewState":{"showFog":false,"showMaterialUpdate":false,"showSkybox":false,"showFlares":false,"showImageEffects":false,"showParticleSystems":false},"in2DMode":false,"pivot":{"x":-0.6147060394287109,"y":-0.669947624206543,"z":-3.3577890396118166},"rotation":{"x":0.12198252230882645,"y":0.865023136138916,"z":-0.25427427887916567,"w":0.41497260332107546},"size":13.440149307250977,"orthographic":false}