{"cameraMode":{"drawMode":0,"name":"Shaded","section":"Shading Mode"},"sceneLighting":false,"audioPlay":false,"sceneViewState":{"showFog":false,"showMaterialUpdate":false,"showSkybox":false,"showFlares":false,"showImageEffects":false,"showParticleSystems":false},"in2DMode":false,"pivot":{"x":127.70040893554688,"y":1.5977213382720948,"z":4.52961540222168},"rotation":{"x":0.15034881234169007,"y":0.35734274983406069,"z":-0.05840121582150459,"w":0.9199457168579102},"size":1.5169498920440674,"orthographic":false}