{"cameraMode":{"drawMode":0,"name":"Shaded","section":"Shading Mode"},"sceneLighting":false,"audioPlay":false,"sceneViewState":{"showFog":true,"showMaterialUpdate":false,"showSkybox":false,"showFlares":true,"showImageEffects":true,"showParticleSystems":true},"in2DMode":false,"pivot":{"x":6.135443210601807,"y":2.4867048263549806,"z":-4.584662437438965},"rotation":{"x":0.1469692587852478,"y":-0.5580183863639832,"z":0.10119473934173584,"w":0.8104241490364075},"size":12.884014129638672,"orthographic":true}