{"cameraMode":{"drawMode":0,"name":"Shaded","section":"Shading Mode"},"sceneLighting":false,"audioPlay":false,"sceneViewState":{"showFog":true,"showMaterialUpdate":false,"showSkybox":false,"showFlares":true,"showImageEffects":true,"showParticleSystems":true},"in2DMode":false,"pivot":{"x":2.166749954223633,"y":0.9505797624588013,"z":-9.705759048461914},"rotation":{"x":0.0030492693185806276,"y":0.9844565987586975,"z":-0.017128363251686097,"w":0.17486993968486787},"size":14.033693313598633,"orthographic":false}