{"cameraMode":{"drawMode":0,"name":"Shaded","section":"Shading Mode"},"sceneLighting":false,"audioPlay":false,"sceneViewState":{"showFog":true,"showMaterialUpdate":false,"showSkybox":false,"showFlares":true,"showImageEffects":true,"showParticleSystems":true},"in2DMode":false,"pivot":{"x":-26.173307418823243,"y":2.88137149810791,"z":-77.08097076416016},"rotation":{"x":0.07422088086605072,"y":0.8605347871780396,"z":-0.1324649304151535,"w":0.48661452531814577},"size":12.832477569580079,"orthographic":true}