{"cameraMode":{"drawMode":0,"name":"Shaded","section":"Shading Mode"},"sceneLighting":false,"audioPlay":false,"sceneViewState":{"showFog":true,"showMaterialUpdate":false,"showSkybox":false,"showFlares":true,"showImageEffects":true,"showParticleSystems":true},"in2DMode":false,"pivot":{"x":2.758315086364746,"y":4.259853839874268,"z":18.86288070678711},"rotation":{"x":-0.0973397046327591,"y":0.011343792080879212,"z":0.0011093288194388152,"w":0.995190441608429},"size":27.38842010498047,"orthographic":false}