{"cameraMode":{"drawMode":0,"name":"Shaded","section":"Shading Mode"},"sceneLighting":false,"audioPlay":false,"sceneViewState":{"showFog":true,"showMaterialUpdate":false,"showSkybox":false,"showFlares":true,"showImageEffects":true,"showParticleSystems":true},"in2DMode":false,"pivot":{"x":0.08026713132858277,"y":0.8797314167022705,"z":-5.3504462242126469},"rotation":{"x":0.17592908442020417,"y":-0.23948894441127778,"z":0.044173359870910647,"w":0.9538121819496155},"size":4.20232629776001,"orthographic":true}