{"cameraMode":{"drawMode":0,"name":"Shaded","section":"Shading Mode"},"sceneLighting":false,"audioPlay":false,"sceneViewState":{"showFog":true,"showMaterialUpdate":false,"showSkybox":false,"showFlares":true,"showImageEffects":true,"showParticleSystems":true},"in2DMode":false,"pivot":{"x":0.0,"y":0.9624381065368652,"z":0.00033587217330932617},"rotation":{"x":-0.06894940882921219,"y":-0.41532012820243838,"z":0.031559303402900699,"w":-0.9065525531768799},"size":2.8841168880462648,"orthographic":true}