{"cameraMode":{"drawMode":0,"name":"Shaded","section":"Shading Mode"},"sceneLighting":false,"audioPlay":false,"sceneViewState":{"showFog":true,"showMaterialUpdate":false,"showSkybox":false,"showFlares":true,"showImageEffects":true,"showParticleSystems":true},"in2DMode":false,"pivot":{"x":-4.101759433746338,"y":0.5399702787399292,"z":-1.7034674882888795},"rotation":{"x":-0.07921038568019867,"y":-0.9208038449287415,"z":0.26767292618751528,"w":-0.27247747778892519},"size":2.497500419616699,"orthographic":true}