{"cameraMode":{"drawMode":0,"name":"Shaded","section":"Shading Mode"},"sceneLighting":false,"audioPlay":false,"sceneViewState":{"showFog":true,"showMaterialUpdate":false,"showSkybox":false,"showFlares":true,"showImageEffects":true,"showParticleSystems":true},"in2DMode":false,"pivot":{"x":-1.1622238159179688,"y":1.2692676782608033,"z":0.08987176418304444},"rotation":{"x":-0.07535125315189362,"y":-0.6520715951919556,"z":0.0653419941663742,"w":-0.7516240477561951},"size":2.965564489364624,"orthographic":true}