{"cameraMode":{"drawMode":0,"name":"Shaded","section":"Shading Mode"},"sceneLighting":false,"audioPlay":false,"sceneViewState":{"showFog":true,"showMaterialUpdate":false,"showSkybox":false,"showFlares":true,"showImageEffects":true,"showParticleSystems":true},"in2DMode":false,"pivot":{"x":-0.01983642578125,"y":0.24188232421875,"z":-0.19659423828125},"rotation":{"x":-0.14747315645217896,"y":0.8413100242614746,"z":-0.28535157442092898,"w":-0.43479040265083315},"size":0.44215503334999087,"orthographic":true}