{"cameraMode":{"drawMode":0,"name":"Shaded","section":"Shading Mode"},"sceneLighting":false,"audioPlay":false,"sceneViewState":{"showFog":true,"showMaterialUpdate":false,"showSkybox":false,"showFlares":true,"showImageEffects":true,"showParticleSystems":true},"in2DMode":false,"pivot":{"x":-26.16144561767578,"y":2.881371021270752,"z":-65.13484954833985},"rotation":{"x":-0.02758992277085781,"y":0.9616879820823669,"z":-0.2516103684902191,"w":-0.10543706268072128},"size":9.527298927307129,"orthographic":true}