{"cameraMode":{"drawMode":0,"name":"Shaded","section":"Shading Mode"},"sceneLighting":false,"audioPlay":false,"sceneViewState":{"showFog":true,"showMaterialUpdate":false,"showSkybox":false,"showFlares":true,"showImageEffects":true,"showParticleSystems":true},"in2DMode":false,"pivot":{"x":-26.412677764892579,"y":3.194192886352539,"z":-42.97835922241211},"rotation":{"x":0.05966756492853165,"y":0.9221368432044983,"z":-0.3480420708656311,"w":0.15810026228427888},"size":11.135425567626954,"orthographic":true}