{"cameraMode":{"drawMode":0,"name":"Shaded","section":"Shading Mode"},"sceneLighting":false,"audioPlay":false,"sceneViewState":{"showFog":true,"showMaterialUpdate":false,"showSkybox":false,"showFlares":true,"showImageEffects":true,"showParticleSystems":true},"in2DMode":false,"pivot":{"x":0.0357666015625,"y":0.153564453125,"z":0.02392578125},"rotation":{"x":0.10319459438323975,"y":0.8906678557395935,"z":-0.36392611265182497,"w":0.2525425851345062},"size":1.6996779441833497,"orthographic":true}