{"cameraMode":{"drawMode":0,"name":"Shaded","section":"Shading Mode"},"sceneLighting":false,"audioPlay":false,"sceneViewState":{"showFog":true,"showMaterialUpdate":false,"showSkybox":false,"showFlares":true,"showImageEffects":true,"showParticleSystems":true},"in2DMode":false,"pivot":{"x":-10.018725395202637,"y":0.3049924373626709,"z":0.0041382163763046268},"rotation":{"x":-0.07921038568019867,"y":-0.9208038449287415,"z":0.26767292618751528,"w":-0.27247747778892519},"size":1.8016915321350098,"orthographic":true}