{"cameraMode":{"drawMode":0,"name":"Shaded","section":"Shading Mode"},"sceneLighting":false,"audioPlay":false,"sceneViewState":{"showFog":true,"showMaterialUpdate":false,"showSkybox":false,"showFlares":true,"showImageEffects":true,"showParticleSystems":true},"in2DMode":false,"pivot":{"x":-0.19235801696777345,"y":-0.09354007244110108,"z":0.1079452633857727},"rotation":{"x":0.2822400629520416,"y":-0.40553033351898196,"z":0.13322027027606965,"w":0.8591676950454712},"size":2.0489044189453127,"orthographic":false}