{"cameraMode":{"drawMode":0,"name":"Shaded","section":"Shading Mode"},"sceneLighting":false,"audioPlay":false,"sceneViewState":{"showFog":true,"showMaterialUpdate":false,"showSkybox":false,"showFlares":true,"showImageEffects":true,"showParticleSystems":true},"in2DMode":false,"pivot":{"x":-25.886444091796876,"y":3.2008280754089357,"z":-46.73350143432617},"rotation":{"x":-0.06125828996300697,"y":0.8680564165115356,"z":-0.11074741184711456,"w":-0.4801006615161896},"size":10.326672554016114,"orthographic":true}