{"cameraMode":{"drawMode":0,"name":"Shaded","section":"Shading Mode"},"sceneLighting":false,"audioPlay":false,"sceneViewState":{"showFog":true,"showMaterialUpdate":false,"showSkybox":false,"showFlares":true,"showImageEffects":true,"showParticleSystems":true},"in2DMode":false,"pivot":{"x":5.297256946563721,"y":2.6610517501831056,"z":4.120039939880371},"rotation":{"x":0.09329603612422943,"y":0.7142028212547302,"z":-0.09700749069452286,"w":0.6868784427642822},"size":9.06680965423584,"orthographic":true}