{"cameraMode":{"drawMode":0,"name":"Shaded","section":"Shading Mode"},"sceneLighting":false,"audioPlay":false,"sceneViewState":{"showFog":true,"showMaterialUpdate":false,"showSkybox":false,"showFlares":true,"showImageEffects":true,"showParticleSystems":true},"in2DMode":false,"pivot":{"x":793.569091796875,"y":199.0559844970703,"z":0.0},"rotation":{"x":0.0413731150329113,"y":-0.025475438684225084,"z":0.0010556307388469577,"w":0.9988213777542114},"size":558.8740844726563,"orthographic":true}