{"cameraMode":{"drawMode":0,"name":"Shaded","section":"Shading Mode"},"sceneLighting":false,"audioPlay":false,"sceneViewState":{"showFog":true,"showMaterialUpdate":false,"showSkybox":false,"showFlares":true,"showImageEffects":true,"showParticleSystems":true},"in2DMode":false,"pivot":{"x":5.2972564697265629,"y":2.6610517501831056,"z":-8.871452331542969},"rotation":{"x":0.04817268252372742,"y":0.8492563366889954,"z":-0.07869274169206619,"w":0.5198615789413452},"size":15.118691444396973,"orthographic":true}