{"cameraMode":{"drawMode":0,"name":"Shaded","section":"Shading Mode"},"sceneLighting":false,"audioPlay":false,"sceneViewState":{"showFog":true,"showMaterialUpdate":false,"showSkybox":false,"showFlares":true,"showImageEffects":true,"showParticleSystems":true},"in2DMode":false,"pivot":{"x":56.542240142822269,"y":11.609917640686036,"z":-13.148436546325684},"rotation":{"x":0.15151852369308473,"y":0.5598340034484863,"z":-0.10499373078346253,"w":0.8078626990318298},"size":0.7872395515441895,"orthographic":true}