{"cameraMode":{"drawMode":0,"name":"Shaded","section":"Shading Mode"},"sceneLighting":true,"audioPlay":false,"sceneViewState":{"showFog":true,"showMaterialUpdate":false,"showSkybox":false,"showFlares":true,"showImageEffects":true,"showParticleSystems":true},"in2DMode":false,"pivot":{"x":41.39500045776367,"y":2.3449997901916506,"z":6.390000343322754},"rotation":{"x":0.07381805032491684,"y":-0.8959435820579529,"z":0.1624622642993927,"w":0.4068780541419983},"size":16.253379821777345,"orthographic":true}