{"cameraMode":{"drawMode":0,"name":"Shaded","section":"Shading Mode"},"sceneLighting":false,"audioPlay":false,"sceneViewState":{"showFog":true,"showMaterialUpdate":false,"showSkybox":false,"showFlares":true,"showImageEffects":true,"showParticleSystems":true},"in2DMode":false,"pivot":{"x":-0.6864938735961914,"y":0.27450984716415408,"z":-1.163261890411377},"rotation":{"x":-0.033147182315588,"y":0.9606741070747376,"z":-0.13136500120162965,"w":-0.24244067072868348},"size":4.075348377227783,"orthographic":false}