{"cameraMode":{"drawMode":0,"name":"Shaded","section":"Shading Mode"},"sceneLighting":false,"audioPlay":false,"sceneViewState":{"showFog":true,"showMaterialUpdate":false,"showSkybox":false,"showFlares":true,"showImageEffects":true,"showParticleSystems":true},"in2DMode":false,"pivot":{"x":0.2598724365234375,"y":0.19731158018112184,"z":0.125268816947937},"rotation":{"x":-0.004186219070106745,"y":-0.9937737584114075,"z":0.03966936469078064,"w":-0.10443274676799774},"size":2.7092719078063967,"orthographic":true}