{"cameraMode":{"drawMode":0,"name":"Shaded","section":"Shading Mode"},"sceneLighting":false,"audioPlay":false,"sceneViewState":{"showFog":true,"showMaterialUpdate":false,"showSkybox":false,"showFlares":true,"showImageEffects":true,"showParticleSystems":true},"in2DMode":false,"pivot":{"x":-26.173307418823243,"y":2.88137149810791,"z":-70.67832946777344},"rotation":{"x":0.21347877383232118,"y":-0.3334904611110687,"z":0.0770426020026207,"w":0.915254533290863},"size":12.832477569580079,"orthographic":true}