{"cameraMode":{"drawMode":0,"name":"Shaded","section":"Shading Mode"},"sceneLighting":false,"audioPlay":false,"sceneViewState":{"showFog":true,"showMaterialUpdate":false,"showSkybox":false,"showFlares":true,"showImageEffects":true,"showParticleSystems":true},"in2DMode":false,"pivot":{"x":3.2298238277435304,"y":0.382999986410141,"z":-0.5407401919364929},"rotation":{"x":-0.03192669525742531,"y":0.6145082116127014,"z":0.02490082196891308,"w":0.7878773212432861},"size":2.7872960567474367,"orthographic":true}