{"cameraMode":{"drawMode":0,"name":"Shaded","section":"Shading Mode"},"sceneLighting":false,"audioPlay":false,"sceneViewState":{"showFog":true,"showMaterialUpdate":false,"showSkybox":false,"showFlares":true,"showImageEffects":true,"showParticleSystems":true},"in2DMode":false,"pivot":{"x":0.6585327386856079,"y":0.15066027641296388,"z":0.9158922433853149},"rotation":{"x":0.0795169547200203,"y":0.3870532214641571,"z":-0.03351772949099541,"w":0.9180273413658142},"size":3.213930130004883,"orthographic":false}