{"cameraMode":{"drawMode":0,"name":"Shaded","section":"Shading Mode"},"sceneLighting":false,"audioPlay":false,"sceneViewState":{"showFog":true,"showMaterialUpdate":false,"showSkybox":false,"showFlares":true,"showImageEffects":true,"showParticleSystems":true},"in2DMode":false,"pivot":{"x":9.762146949768067,"y":0.5930526852607727,"z":-4.070593357086182},"rotation":{"x":0.21819058060646058,"y":-0.5200120806694031,"z":0.13939176499843598,"w":0.8139755129814148},"size":3.469977855682373,"orthographic":true}