{"cameraMode":{"drawMode":0,"name":"Shaded","section":"Shading Mode"},"sceneLighting":false,"audioPlay":false,"sceneViewState":{"showFog":true,"showMaterialUpdate":false,"showSkybox":false,"showFlares":true,"showImageEffects":true,"showParticleSystems":true},"in2DMode":false,"pivot":{"x":0.10051017999649048,"y":0.49640825390815737,"z":-5.960464477539063e-8},"rotation":{"x":0.1497301459312439,"y":-0.2117956578731537,"z":0.03288023918867111,"w":0.965256929397583},"size":4.4595417976379398,"orthographic":true}