{"cameraMode":{"drawMode":0,"name":"Shaded","section":"Shading Mode"},"sceneLighting":false,"audioPlay":false,"sceneViewState":{"showFog":true,"showMaterialUpdate":false,"showSkybox":false,"showFlares":true,"showImageEffects":true,"showParticleSystems":true},"in2DMode":false,"pivot":{"x":-6.201595783233643,"y":-1.1770765781402588,"z":8.291301727294922},"rotation":{"x":0.4405340552330017,"y":-0.1613893061876297,"z":0.08085189014673233,"w":0.8794180154800415},"size":3.4878814220428469,"orthographic":false}