{"cameraMode":{"drawMode":0,"name":"Shaded","section":"Shading Mode"},"sceneLighting":false,"audioPlay":false,"sceneViewState":{"showFog":true,"showMaterialUpdate":false,"showSkybox":false,"showFlares":true,"showImageEffects":true,"showParticleSystems":true},"in2DMode":false,"pivot":{"x":-0.3310546875,"y":0.934814453125,"z":0.73974609375},"rotation":{"x":0.08055467903614044,"y":0.9119550585746765,"z":-0.33950284123420718,"w":0.2161959409713745},"size":2.6926796436309816,"orthographic":true}