{"cameraMode":{"drawMode":0,"name":"Shaded","section":"Shading Mode"},"sceneLighting":false,"audioPlay":false,"sceneViewState":{"showFog":true,"showMaterialUpdate":false,"showSkybox":false,"showFlares":true,"showImageEffects":true,"showParticleSystems":true},"in2DMode":false,"pivot":{"x":5.297257423400879,"y":2.5209434032440187,"z":22.124101638793947},"rotation":{"x":0.1630992889404297,"y":0.791972815990448,"z":-0.24056552350521089,"w":0.5369440317153931},"size":20.329248428344728,"orthographic":true}