{"cameraMode":{"drawMode":0,"name":"Shaded","section":"Shading Mode"},"sceneLighting":false,"audioPlay":false,"sceneViewState":{"showFog":true,"showMaterialUpdate":false,"showSkybox":false,"showFlares":true,"showImageEffects":true,"showParticleSystems":true},"in2DMode":false,"pivot":{"x":9.659526824951172,"y":0.8605223894119263,"z":-5.360674858093262},"rotation":{"x":0.1469692587852478,"y":-0.5580183863639832,"z":0.10119473934173584,"w":0.8104241490364075},"size":4.952455520629883,"orthographic":true}