{"cameraMode":{"drawMode":0,"name":"Shaded","section":"Shading Mode"},"sceneLighting":false,"audioPlay":false,"sceneViewState":{"showFog":true,"showMaterialUpdate":false,"showSkybox":false,"showFlares":true,"showImageEffects":true,"showParticleSystems":true},"in2DMode":false,"pivot":{"x":-0.12890625,"y":2.1410255432128908,"z":0.0036351680755615236},"rotation":{"x":-0.0017498228698968888,"y":0.9723756313323975,"z":0.007292936556041241,"w":0.23332403600215913},"size":4.203218936920166,"orthographic":true}