{"cameraMode":{"drawMode":0,"name":"Shaded","section":"Shading Mode"},"sceneLighting":false,"audioPlay":false,"sceneViewState":{"showFog":true,"showMaterialUpdate":false,"showSkybox":false,"showFlares":true,"showImageEffects":true,"showParticleSystems":true},"in2DMode":false,"pivot":{"x":69.68943786621094,"y":3.0439560413360597,"z":-18.280000686645509},"rotation":{"x":0.2644048035144806,"y":-0.17811350524425507,"z":0.04975966736674309,"w":0.9465338587760925},"size":2.049764394760132,"orthographic":true}