{"cameraMode":{"drawMode":0,"name":"Shaded","section":"Shading Mode"},"sceneLighting":false,"audioPlay":false,"sceneViewState":{"showFog":true,"showMaterialUpdate":false,"showSkybox":false,"showFlares":true,"showImageEffects":true,"showParticleSystems":true},"in2DMode":false,"pivot":{"x":0.273193359375,"y":0.31768798828125,"z":0.09423828125},"rotation":{"x":-0.1494116485118866,"y":-0.6002538800239563,"z":0.11536580324172974,"w":-0.7772699594497681},"size":1.1923624277114869,"orthographic":true}