{"cameraMode":{"drawMode":0,"name":"Shaded","section":"Shading Mode"},"sceneLighting":false,"audioPlay":false,"sceneViewState":{"showFog":true,"showMaterialUpdate":false,"showSkybox":false,"showFlares":true,"showImageEffects":true,"showParticleSystems":true},"in2DMode":false,"pivot":{"x":0.018176615238189698,"y":-0.08876849710941315,"z":-0.14397192001342774},"rotation":{"x":0.027459116652607919,"y":0.9628279805183411,"z":-0.10731503367424011,"w":0.24636316299438477},"size":1.4220389127731324,"orthographic":false}