{"cameraMode":{"drawMode":0,"name":"Shaded","section":"Shading Mode"},"sceneLighting":false,"audioPlay":false,"sceneViewState":{"showFog":true,"showMaterialUpdate":false,"showSkybox":false,"showFlares":true,"showImageEffects":true,"showParticleSystems":true},"in2DMode":false,"pivot":{"x":-25.886444091796876,"y":3.2008280754089357,"z":-52.41975021362305},"rotation":{"x":-0.02758992277085781,"y":0.9616879820823669,"z":-0.2516103684902191,"w":-0.10543706268072128},"size":10.724152565002442,"orthographic":true}