{"cameraMode":{"drawMode":0,"name":"Shaded","section":"Shading Mode"},"sceneLighting":false,"audioPlay":false,"sceneViewState":{"showFog":true,"showMaterialUpdate":false,"showSkybox":false,"showFlares":true,"showImageEffects":true,"showParticleSystems":true},"in2DMode":false,"pivot":{"x":-26.16144561767578,"y":2.88137149810791,"z":-60.488502502441409},"rotation":{"x":-0.06125828996300697,"y":0.8680564165115356,"z":-0.11074741184711456,"w":-0.4801006615161896},"size":13.519266128540039,"orthographic":true}