{"cameraMode":{"drawMode":0,"name":"Shaded","section":"Shading Mode"},"sceneLighting":false,"audioPlay":false,"sceneViewState":{"showFog":true,"showMaterialUpdate":false,"showSkybox":false,"showFlares":true,"showImageEffects":true,"showParticleSystems":true},"in2DMode":false,"pivot":{"x":0.053425371646881106,"y":0.004084289073944092,"z":0.372624933719635},"rotation":{"x":0.16647833585739137,"y":0.7316220998764038,"z":-0.19258855283260346,"w":0.6324164271354675},"size":0.9232593178749085,"orthographic":false}