{"cameraMode":{"drawMode":0,"name":"Shaded","section":"Shading Mode"},"sceneLighting":false,"audioPlay":false,"sceneViewState":{"showFog":true,"showMaterialUpdate":false,"showSkybox":false,"showFlares":true,"showImageEffects":true,"showParticleSystems":true},"in2DMode":false,"pivot":{"x":-26.16144371032715,"y":2.881371021270752,"z":-56.31343078613281},"rotation":{"x":-0.02758992277085781,"y":0.9616879820823669,"z":-0.2516103684902191,"w":-0.10543706268072128},"size":9.304991722106934,"orthographic":true}