{"cameraMode":{"drawMode":0,"name":"Shaded","section":"Shading Mode"},"sceneLighting":false,"audioPlay":false,"sceneViewState":{"showFog":true,"showMaterialUpdate":false,"showSkybox":false,"showFlares":true,"showImageEffects":true,"showParticleSystems":true},"in2DMode":false,"pivot":{"x":1.871000051498413,"y":0.5509999990463257,"z":0.0},"rotation":{"x":0.25278937816619875,"y":0.43388664722442629,"z":-0.12824822962284089,"w":0.8552232980728149},"size":0.9551088809967041,"orthographic":true}